{"stats":{"minecraft:mined":{"minecraft:white_bed":1,"minecraft:cobblestone_stairs":2,"illusion_onslaught:cultstone_brick_stairs":2,"minecraft:granite":9,"minecraft:grass_block":18,"minecraft:stone_brick_wall":1,"illusion_onslaught:patterned_cultstone":1,"illusion_onslaught:arcaned_calcite":3,"minecraft:mud_bricks":2,"minecraft:spawner":16,"minecraft:smooth_stone":3,"minecraft:iron_ore":31,"minecraft:cobbled_deepslate":1,"minecraft:barrel":8,"born_in_chaos_v1:black_argillite_brick_stairs":2,"goblins_tyranny:coin_barrel":2,"minecraft:deepslate_lapis_ore":5,"minecraft:iron_bars":1,"minecraft:player_head":1,"minecraft:green_bed":1,"terramity:sapphire_ore":2,"minecraft:red_bed":1,"terramity:deepslate_sapphire_ore":8,"minecraft:smoker":1,"minecraft:powder_snow":136,"minecraft:torch":1,"irons_spellbooks:arcane_debris":1,"minecraft:chest":4,"minecraft:cobblestone":20,"minecraft:cyan_bed":2,"illusion_onslaught:cultstone":34,"illusion_onslaught:cultstone_bricks":3,"minecraft:stone_stairs":2,"minecraft:wheat":35,"epicpaladins:deepslate_cryorium_ore":4,"minecraft:tnt":3,"minecraft:wither_rose":1,"minecraft:grass":16,"minecraft:oak_log":7,"goblins_tyranny:coins_2":3,"minecraft:dirt":58,"minecraft:mangrove_log":2,"minecraft:oak_leaves":14,"minecraft:deepslate":69,"minecraft:emerald_block":2,"alexscaves:spelunkery_table":1,"minecraft:tuff":10,"minecraft:mossy_cobblestone":8,"minecraft:deepslate_diamond_ore":9,"goblins_tyranny:coins_4":2,"minecraft:mangrove_roots":3,"minecraft:sea_lantern":1,"goblins_tyranny:coins_1":2,"minecraft:cobbled_deepslate_slab":1,"terramity:gnome_statue":2,"born_in_chaos_v1:black_argillite_brick_wall":1,"goblins_tyranny:coins_3":1,"minecraft:spruce_leaves":20,"terramity:stone_tiles":3,"minecraft:moss_block":2,"epicpaladins:deepslate_arclight_ore":11,"minecraft:hay_block":86,"minecraft:furnace":1,"minecraft:snow":2,"minecraft:andesite":25,"minecraft:bell":1,"minecraft:deepslate_iron_ore":2,"minecraft:vine":1,"goblins_tyranny:mossy_hut_logs":1,"minecraft:packed_ice":2,"minecraft:stone":244,"minecraft:bone_block":144,"minecraft:podzol":1,"epicpaladins:deepslate_bloodstone_ore":2,"minecraft:snow_block":50,"minecraft:brown_carpet":1,"minecraft:stripped_dark_oak_log":1,"minecraft:crafting_table":3,"minecraft:cornflower":1,"goblins_tyranny:engineer_workbench_1":1,"minecraft:stone_slab":1,"minecraft:tall_grass":5,"minecraft:deepslate_gold_ore":5,"minecraft:lapis_ore":1,"minecraft:diorite":1,"terramity:igneostone":2,"minecraft:birch_planks":1,"minecraft:coarse_dirt":3,"minecraft:ice":2,"minecraft:gray_bed":1,"minecraft:spruce_log":8,"minecraft:coal_ore":79,"minecraft:gravel":43,"minecraft:dripstone_block":1,"terramity:deepslate_iridescent_ore":5,"minecraft:cobweb":9,"minecraft:cracked_stone_bricks":11,"minecraft:stone_bricks":2,"minecraft:fern":1,"paraglider:goddess_statue":1},"minecraft:crafted":{"epicpaladins:arclight_sword":1,"minecraft:oak_planks":8,"irons_spellbooks:iron_spell_book":1,"minecraft:chain":3,"minecraft:cooked_chicken":24,"minecraft:stone":11,"epicpaladins:arclight_pickaxe":1,"minecraft:cracked_stone_bricks":4,"minecraft:iron_boots":2,"explorerscompass:explorerscompass":1,"tombstone:grave_key":4,"minecraft:chest":2,"minecraft:stone_hoe":1,"minecraft:stone_bricks":1,"minecraft:cooked_rabbit":22,"minecraft:emerald":1,"minecraft:crafting_table":12,"minecraft:spruce_planks":18,"minecraft:wooden_pickaxe":1,"minecraft:iron_chestplate":1,"minecraft:shield":1,"minecraft:stick":30,"minecraft:compass":1,"minecraft:iron_ingot":35,"minecraft:iron_pickaxe":1,"minecraft:snow_block":31,"minecraft:shears":1,"farmersdelight:onion":1,"minecraft:stone_shovel":2,"minecraft:iron_nugget":9,"minecraft:furnace":2,"legendary_monsters:the_great_frost":1,"call_of_yucutan:flint_spear":1,"minecraft:stone_pickaxe":1,"minecraft:dark_oak_planks":9,"minecraft:wheat":82,"minecraft:iron_sword":1,"minecraft:mangrove_planks":2,"minecraft:stone_axe":1,"minecraft:bread":271,"minecraft:air":1264,"minecraft:iron_leggings":1,"minecraft:torch":14},"minecraft:dropped":{"minecraft:honeycomb":2,"minecraft:leather":1,"minecraft:cracked_stone_bricks":2,"born_in_chaos_v1:pieceofdarkmetal":4,"born_in_chaos_v1:monster_flesh":1,"minecraft:snowball":14,"irons_spellbooks:epic_ink":1,"irons_spellbooks:arcane_essence":7,"farmersdelight:onion":7,"minecraft:bone":1,"minecraft:cooked_chicken":24,"minecraft:wheat":6,"born_in_chaos_v1:ethereal_spirit":3,"minecraft:rotten_flesh":19,"minecraft:stone_stairs":1,"illusion_onslaught:arcane_powder":6,"minecraft:chainmail_chestplate":1,"born_in_chaos_v1:seedof_chaos":1,"minecraft:stone_hoe":1,"minecraft:bread":6,"born_in_chaos_v1:intoxicating_decoction":2,"minecraft:wheat_seeds":7,"minecraft:iron_helmet":1,"minecraft:book":1,"minecraft:stick":2,"irons_spellbooks:scroll":10,"minecraft:torch":1,"minecraft:iron_leggings":1,"irons_spellbooks:common_ink":6,"minecraft:wither_rose":1,"terramity:fairy_dust":2,"minecraft:spruce_sapling":2,"minecraft:bowl":1,"irons_spellbooks:uncommon_ink":8,"minecraft:chicken":2,"minecraft:white_carpet":9,"minecraft:clay_ball":3,"illusion_onslaught:spirit_dust":2,"minecraft:cobbled_deepslate_slab":1,"goblins_tyranny:cow_hide":2,"epicfight:skillbook":3},"minecraft:picked_up":{"irons_spellbooks:scroll":13,"goblins_tyranny:mossy_hut_logs":1,"minecraft:wheat":36,"minecraft:stone_slab":1,"terramity:fairy_dust":10,"minecraft:wither_rose":1,"minecraft:enchanted_book":1,"paraglider:goddess_statue":1,"minecraft:string":2,"minecraft:iron_leggings":1,"epicpaladins:bloodstone_gem":2,"goblins_tyranny:engineer_scrap":6,"minecraft:cobbled_deepslate":68,"minecraft:smooth_stone":3,"irons_spellbooks:arcane_essence":25,"illusion_onslaught:mana_potion":4,"minecraft:gold_nugget":6,"illusion_onslaught:arcane_powder":9,"minecraft:redstone_torch":1,"goblins_tyranny:fire_bomb":2,"born_in_chaos_v1:stimulating_decoction":1,"terramity:sapphire":10,"minecraft:mangrove_log":4,"minecraft:furnace":1,"minecraft:tipped_arrow":1,"minecraft:stick":1,"born_in_chaos_v1:shattered_skull":2,"epicpaladins:arclight_gem":11,"minecraft:torch":3,"minecraft:green_bed":1,"epicfight:skillbook":4,"minecraft:pointed_dripstone":9,"tombstone:grave_dust":6,"minecraft:diorite":1,"born_in_chaos_v1:nightmare_claw":2,"born_in_chaos_v1:black_argillite_brick_stairs":2,"minecraft:brown_carpet":1,"goblins_tyranny:goblin_sword":1,"epicpaladins:cryorium_gem":4,"minecraft:rotten_flesh":68,"goblins_tyranny:shaman_skull":1,"terramity:elite_rifle":1,"minecraft:carved_pumpkin":1,"terramity:spiteful_soul":1,"minecraft:mangrove_roots":3,"irons_spellbooks:arcane_debris":1,"minecraft:blaze_rod":2,"minecraft:iron_bars":1,"minecraft:snowball":182,"minecraft:cobblestone":262,"illusion_onslaught:cultstone_bricks":3,"minecraft:cooked_beef":3,"born_in_chaos_v1:spiritual_dust":3,"minecraft:andesite":12,"minecraft:smoker":1,"alexsmobs:bison_fur":2,"paraglider:spirit_orb":30,"minecraft:flint":5,"minecraft:tuff":14,"minecraft:lapis_lazuli":41,"minecraft:dirt":110,"born_in_chaos_v1:monster_skin":5,"minecraft:bone":80,"illusion_onslaught:ominous_cloth":9,"minecraft:wheat_seeds":9,"minecraft:bell":2,"minecraft:raw_gold":5,"minecraft:cobbled_deepslate_slab":1,"illusion_onslaught:patterned_cultstone":1,"illusion_onslaught:antique_manuscript":1,"minecraft:moss_block":2,"minecraft:honeycomb":2,"irons_spellbooks:frozen_bone":8,"illusion_onslaught:huge_mana_potion":2,"minecraft:cyan_bed":2,"minecraft:mossy_cobblestone":8,"minecraft:barrel":7,"minecraft:bundle":1,"minecraft:yellow_carpet":2,"minecraft:diamond":9,"irons_spellbooks:divine_pearl":1,"waystones:waystone":2,"minecraft:crossbow":2,"minecraft:granite":9,"minecraft:bread":6,"minecraft:emerald":2,"irons_spellbooks:uncommon_ink":8,"minecraft:light_gray_carpet":3,"minecraft:charcoal":1,"minecraft:coarse_dirt":2,"minecraft:crafting_table":3,"minecraft:chicken":4,"minecraft:ladder":2,"minecraft:clay_ball":3,"born_in_chaos_v1:seedof_chaos":2,"minecraft:stone_brick_wall":1,"minecraft:chain":1,"minecraft:cornflower":1,"minecraft:stone_stairs":2,"minecraft:red_bed":1,"born_in_chaos_v1:intoxicating_decoction":2,"minecraft:white_carpet":9,"terramity:electronic_scrap":12,"terramity:accursed_soul":59,"minecraft:cracked_stone_bricks":11,"minecraft:beef":11,"irons_spellbooks:epic_ink":1,"born_in_chaos_v1:gnawed_bones":1,"minecraft:player_head":1,"minecraft:iron_nugget":6,"minecraft:chest":4,"minecraft:phantom_membrane":1,"illusion_onslaught:arcaned_calcite":2,"minecraft:raw_iron":33,"iceandfire:dragonbone":6,"illusion_onslaught:spirit_dust":6,"born_in_chaos_v1:pieceofdarkmetal":13,"minecraft:carrot":1,"minecraft:prismarine_crystals":3,"minecraft:dark_oak_planks":2,"minecraft:tnt":3,"irons_spellbooks:evocation_rune":1,"goblins_tyranny:goblins_meat":3,"iceandfire:cyclops_eye":1,"minecraft:arrow":19,"minecraft:hay_block":86,"alexscaves:spelunkery_table":1,"minecraft:saddle":1,"minecraft:gold_ingot":1,"goblins_tyranny:cow_hide":2,"minecraft:mutton":12,"minecraft:bone_block":142,"minecraft:white_wool":7,"illusion_onslaught:cracked_cultstone_bricks":1,"born_in_chaos_v1:fused_bone":2,"born_in_chaos_v1:corpse_maggot":6,"born_in_chaos_v1:monster_flesh":1,"minecraft:leather":14,"minecraft:birch_planks":1,"legendary_monsters:primal_ice_shard":2,"minecraft:oak_log":7,"minecraft:gunpowder":3,"minecraft:cobblestone_stairs":2,"minecraft:paper":6,"legendary_monsters:frozen_rune":1,"irons_spellbooks:common_ink":6,"terramity:igneostone":2,"minecraft:apple":1,"minecraft:stone_bricks":4,"minecraft:kelp":2,"minecraft:iron_ingot":38,"illusion_onslaught:occultive_skull":1,"minecraft:cooked_chicken":24,"minecraft:cobweb":15,"tombstone:bag_of_seeds":1,"minecraft:gray_bed":1,"minecraft:iron_sword":1,"minecraft:book":1,"minecraft:emerald_block":2,"born_in_chaos_v1:ethereal_spirit":11,"minecraft:dripstone_block":9,"minecraft:gravel":38,"illusion_onslaught:cultstone_wall":5,"born_in_chaos_v1:dark_rod":2,"minecraft:spruce_sapling":4,"minecraft:white_bed":1,"minecraft:spruce_log":8,"terramity:iridescent_shard":13,"minecraft:spider_eye":1,"goblins_tyranny:coin":37,"goblins_tyranny:engineer_workbench":1,"minecraft:iron_helmet":1,"illusion_onslaught:cultstone_brick_stairs":2,"terramity:gnome_statue":3,"tombstone:magic_scroll":1,"illusion_onslaught:cultstone":40,"terramity:stone_tiles":2,"minecraft:stripped_dark_oak_log":1,"terramity:gold_round":149,"illusion_onslaught:arcane_apple":1,"minecraft:coal":111,"minecraft:ender_pearl":1},"minecraft:used":{"illusion_onslaught:cultstone_bricks":3,"minecraft:bone_block":3,"minecraft:chest":6,"minecraft:shield":373,"minecraft:iron_sword":69,"goblins_tyranny:shaman_skull":1,"goblins_tyranny:goblin_sword":50,"minecraft:player_head":1,"paraglider:goddess_statue":1,"goblins_tyranny:mossy_hut_logs":1,"minecraft:tuff":9,"epicpaladins:arclight_sword":99,"minecraft:mangrove_log":2,"minecraft:rabbit_stew":4,"minecraft:brown_carpet":1,"minecraft:hay_block":5,"minecraft:mangrove_roots":3,"minecraft:furnace":3,"minecraft:gray_bed":1,"epicfight:skillbook":4,"minecraft:diorite":1,"minecraft:oak_planks":4,"minecraft:stone_pickaxe":131,"minecraft:mangrove_planks":4,"minecraft:wooden_pickaxe":7,"minecraft:golden_apple":1,"minecraft:stone_brick_wall":1,"minecraft:shears":8,"illusion_onslaught:cracked_cultstone_bricks":1,"minecraft:bread":188,"minecraft:cyan_bed":1,"tombstone:grave_key":2,"minecraft:gravel":5,"minecraft:andesite":12,"minecraft:chain":1,"minecraft:cobweb":1,"minecraft:experience_bottle":24,"minecraft:iron_bars":1,"call_of_yucutan:flint_spear":144,"illusion_onslaught:cultstone":15,"minecraft:stone_shovel":244,"minecraft:light_gray_carpet":3,"irons_spellbooks:cultist_helmet":1,"minecraft:stone_hoe":21,"minecraft:torch":50,"minecraft:dirt":110,"terramity:gnome_statue":2,"minecraft:stone_stairs":1,"minecraft:yellow_carpet":2,"minecraft:granite":3,"minecraft:dark_oak_planks":2,"minecraft:iron_axe":8,"terramity:stone_tiles":2,"minecraft:barrel":7,"minecraft:golden_carrot":1,"minecraft:beef":2,"minecraft:emerald_block":1,"goblins_tyranny:engineer_workbench":1,"tombstone:gift":5,"minecraft:cobbled_deepslate":167,"legendary_monsters:the_great_frost":291,"minecraft:cobblestone_stairs":1,"minecraft:snow_block":16,"minecraft:birch_planks":1,"minecraft:bundle":3,"minecraft:cracked_stone_bricks":9,"born_in_chaos_v1:black_argillite_brick_stairs":2,"minecraft:mossy_cobblestone":6,"farmersdelight:onion":2,"minecraft:crafting_table":15,"minecraft:red_bed":1,"epicpaladins:arclight_pickaxe":538,"minecraft:cornflower":1,"minecraft:iron_pickaxe":199,"minecraft:stone_slab":1,"minecraft:spruce_sapling":2,"minecraft:stone_axe":66,"minecraft:cobblestone":100,"terramity:igneostone":2,"alexsmobs:animal_dictionary":1,"minecraft:smooth_stone":2},"minecraft:killed":{"born_in_chaos_v1:zombie_clown":1,"born_in_chaos_v1:zombie_lumberjack":1,"born_in_chaos_v1:restless_spirit":1,"born_in_chaos_v1:door_knight_not_despawn":1,"born_in_chaos_v1:pumpkin_spirit":1,"minecraft:spider":4,"born_in_chaos_v1:siamese_skeletonsright":1,"born_in_chaos_v1:baby_skeleton_minion":3,"born_in_chaos_v1:scarlet_persecutor":3,"minecraft:skeleton":13,"illusion_onslaught:cultoliger":2,"goblins_tyranny:knight_goblin":2,"born_in_chaos_v1:skeleton_thrasher":1,"goblins_tyranny:blacksmith_goblin":1,"irons_spellbooks:archevoker":1,"goblins_tyranny:glitteron":1,"goblins_tyranny:grobot":1,"born_in_chaos_v1:bonescaller":1,"minecraft:zombie_villager":1,"minecraft:creeper":5,"goblins_tyranny:goblin_huntsman":1,"goblins_tyranny:mini_goblin_2":3,"minecraft:sheep":3,"minecraft:pillager":7,"terramity:simple_turret":12,"minecraft:zombie":18,"born_in_chaos_v1:dread_hound":1,"born_in_chaos_v1:corpse_fly":1,"goblins_tyranny:mini_goblin_3":2,"minecraft:stray":3,"goblins_tyranny:engineer_goblin":1,"born_in_chaos_v1:door_knight":2,"born_in_chaos_v1:siamese_skeletonsleft":1,"minecraft:cow":3,"irons_spellbooks:summoned_zombie":1,"goblins_tyranny:leader_goblin":1,"minecraft:vindicator":1,"goblins_tyranny:shaman_goblin":1,"born_in_chaos_v1:zombie_bruiser":1,"born_in_chaos_v1:maggot":9,"legendary_monsters:frostbitten_golem":1,"goblins_tyranny:mini_goblin_1":2,"alexsmobs:bison":1,"born_in_chaos_v1:corpse_fish":2,"terramity:cave_gnome":2,"goblins_tyranny:goblin_hunter":1,"terramity:blue_fairy":2,"born_in_chaos_v1:barrel_zombie":1,"born_in_chaos_v1:spiritof_chaos":1,"born_in_chaos_v1:fallen_chaos_knight":1,"minecraft:husk":8,"iceandfire:cyclops":1,"born_in_chaos_v1:baby_skeleton":3,"terramity:elite_skeleton":11,"minecraft:ravager":1,"born_in_chaos_v1:decrepit_skeleton":5,"terramity:green_fairy":3,"goblins_tyranny:engineeress_goblin":1,"born_in_chaos_v1:dark_vortex":1,"born_in_chaos_v1:nightmare_stalker":2,"minecraft:enderman":1},"minecraft:broken":{"minecraft:iron_boots":1,"minecraft:iron_chestplate":1,"minecraft:iron_leggings":1,"minecraft:stone_pickaxe":1,"minecraft:stone_shovel":1},"minecraft:custom":{"minecraft:interact_with_crafting_table":56,"minecraft:open_barrel":167,"minecraft:eat_cake_slice":1,"minecraft:leave_game":7,"minecraft:time_since_death":95395,"minecraft:sprint_one_cm":2092859,"minecraft:damage_blocked_by_shield":8820,"minecraft:drop":64,"minecraft:play_time":452559,"minecraft:deaths":14,"minecraft:interact_with_brewingstand":1,"minecraft:jump":8038,"minecraft:walk_on_water_one_cm":54384,"minecraft:interact_with_furnace":21,"minecraft:interact_with_loom":6,"minecraft:sleep_in_bed":1,"minecraft:waystone_activated":1,"minecraft:damage_dealt":34197,"minecraft:crouch_one_cm":90115,"tombstone:undead_killed":78,"minecraft:interact_with_smoker":7,"minecraft:mob_kills":179,"minecraft:damage_dealt_resisted":1964,"minecraft:climb_one_cm":25316,"minecraft:walk_one_cm":1418141,"minecraft:sneak_time":14473,"minecraft:walk_under_water_one_cm":25552,"minecraft:interact_with_lectern":1,"minecraft:total_world_time":452559,"tombstone:raider_killed":9,"minecraft:time_since_rest":10279,"minecraft:damage_taken":12774,"minecraft:damage_absorbed":40,"minecraft:swim_one_cm":67182,"minecraft:fly_one_cm":2842863,"minecraft:open_chest":224,"minecraft:fall_one_cm":600424}},"DataVersion":3465}