{"stats":{"minecraft:mined":{"terramity:amethyst_block":5,"minecraft:white_bed":1,"minecraft:granite":16,"minecraft:stone_brick_wall":1,"illusion_onslaught:arcaned_calcite":3,"minecraft:spawner":25,"minecraft:cobbled_deepslate":1,"minecraft:barrel":10,"minecraft:deepslate_lapis_ore":5,"minecraft:player_head":1,"minecraft:red_bed":1,"terramity:deepslate_sapphire_ore":8,"minecraft:smoker":1,"minecraft:powder_snow":136,"minecraft:torch":1,"irons_spellbooks:arcane_debris":1,"minecraft:blast_furnace":1,"minecraft:oxidized_copper":1,"minecraft:white_stained_glass_pane":1,"minecraft:cyan_bed":2,"illusion_onslaught:cultstone":50,"minecraft:wheat":35,"minecraft:wither_rose":1,"terramity:soul_lamp":2,"minecraft:grass":59,"goblins_tyranny:coins_2":3,"minecraft:mangrove_log":2,"minecraft:deepslate":71,"minecraft:mossy_cobblestone":10,"minecraft:dark_oak_log":1,"minecraft:sea_lantern":1,"minecraft:cobbled_deepslate_slab":1,"minecraft:spruce_fence":1,"born_in_chaos_v1:black_argillite_brick_wall":1,"goblins_tyranny:coins_3":1,"minecraft:yellow_concrete_powder":2,"terramity:stone_tiles":3,"terramity:topaz_block":4,"minecraft:moss_block":2,"born_in_chaos_v1:gnawed_bones":1,"epicpaladins:deepslate_arclight_ore":11,"minecraft:snow":2,"illusion_onslaught:cracked_cultstone_bricks":1,"minecraft:andesite":32,"minecraft:diamond_block":3,"minecraft:vine":2,"irons_spellbooks:inscription_table":1,"minecraft:bone_block":144,"terramity:onyx_block":1,"terramity:accursed_lamp":3,"minecraft:brown_carpet":1,"minecraft:cornflower":1,"goblins_tyranny:engineer_workbench_1":1,"minecraft:tall_grass":7,"minecraft:copper_ore":2,"minecraft:deepslate_gold_ore":5,"minecraft:diorite":1,"terramity:igneostone":2,"minecraft:coarse_dirt":5,"minecraft:spruce_log":9,"minecraft:gravel":43,"minecraft:dripstone_block":7,"minecraft:cobweb":9,"minecraft:stone_bricks":4,"minecraft:fern":2,"terramity:spikes":1,"minecraft:spruce_planks":2,"minecraft:cobblestone_stairs":3,"illusion_onslaught:cultstone_brick_stairs":2,"minecraft:grass_block":21,"illusion_onslaught:patterned_cultstone":3,"terramity:sapphire_block":3,"minecraft:mud_bricks":2,"minecraft:smooth_stone":3,"minecraft:iron_ore":35,"born_in_chaos_v1:black_argillite_brick_stairs":2,"goblins_tyranny:coin_barrel":2,"minecraft:black_carpet":1,"minecraft:azure_bluet":1,"minecraft:flowering_azalea_leaves":2,"minecraft:iron_bars":7,"minecraft:azalea_leaves":4,"minecraft:green_bed":1,"terramity:sapphire_ore":2,"minecraft:chest":4,"minecraft:cobblestone":32,"illusion_onslaught:cultstone_bricks":3,"minecraft:stone_stairs":2,"minecraft:lapis_block":3,"epicpaladins:deepslate_cryorium_ore":4,"minecraft:tnt":3,"minecraft:yellow_stained_glass_pane":1,"minecraft:oak_log":12,"minecraft:dirt":63,"minecraft:sand":17,"minecraft:oak_leaves":18,"minecraft:emerald_block":7,"alexscaves:spelunkery_table":1,"minecraft:tuff":10,"minecraft:deepslate_diamond_ore":9,"goblins_tyranny:coins_4":2,"minecraft:mangrove_roots":3,"goblins_tyranny:coins_1":2,"terramity:gnome_statue":2,"minecraft:spruce_leaves":22,"minecraft:sandstone":18,"minecraft:hay_block":104,"minecraft:furnace":1,"minecraft:raw_gold_block":86,"minecraft:gold_block":35,"minecraft:bell":1,"minecraft:deepslate_iron_ore":2,"goblins_tyranny:mossy_hut_logs":1,"minecraft:packed_ice":60,"minecraft:stone":297,"minecraft:podzol":1,"epicpaladins:deepslate_bloodstone_ore":2,"minecraft:snow_block":50,"minecraft:stripped_dark_oak_log":1,"minecraft:crafting_table":6,"minecraft:stone_slab":1,"minecraft:lapis_ore":1,"minecraft:birch_planks":2,"minecraft:ice":3,"minecraft:gray_bed":2,"terramity:ruby_block":4,"minecraft:coal_ore":84,"terramity:deepslate_iridescent_ore":8,"minecraft:cracked_stone_bricks":12,"paraglider:goddess_statue":1},"minecraft:used":{"irons_spellbooks:inscription_table":1,"minecraft:chest":9,"goblins_tyranny:shaman_skull":1,"goblins_tyranny:mossy_hut_logs":1,"minecraft:azure_bluet":1,"epicpaladins:arclight_sword":167,"minecraft:rabbit_stew":7,"minecraft:furnace":3,"minecraft:diorite":1,"minecraft:wooden_pickaxe":7,"minecraft:golden_apple":4,"minecraft:sand":4,"born_in_chaos_v1:holiday_candy":3,"minecraft:soul_lantern":3,"minecraft:iron_bars":5,"iceandfire:silver_sword":13,"born_in_chaos_v1:ethereal_spirit":1,"illusion_onslaught:cultstone":15,"minecraft:light_gray_carpet":3,"irons_spellbooks:cultist_helmet":1,"minecraft:cooked_salmon":4,"minecraft:torch":50,"terramity:gnome_statue":3,"minecraft:stone_stairs":1,"minecraft:yellow_carpet":5,"legendary_monsters:wand_of_clouds":21,"minecraft:iron_axe":38,"terramity:stone_tiles":2,"minecraft:barrel":9,"legendary_monsters:axe_of_lightning":25,"minecraft:beef":2,"tombstone:gift":6,"minecraft:cobbled_deepslate":171,"legendary_monsters:the_great_frost":316,"minecraft:wheat_seeds":33,"minecraft:birch_planks":1,"minecraft:bundle":18,"terramity:accursed_lamp":1,"minecraft:cracked_stone_bricks":9,"born_in_chaos_v1:black_argillite_brick_stairs":2,"minecraft:mossy_cobblestone":8,"minecraft:crafting_table":16,"minecraft:red_bed":1,"minecraft:white_bed":1,"epicpaladins:arclight_pickaxe":773,"minecraft:cornflower":1,"minecraft:iron_pickaxe":368,"minecraft:spruce_sapling":2,"minecraft:cobblestone":183,"minecraft:potion":3,"terramity:igneostone":2,"illusion_onslaught:cultstone_bricks":3,"minecraft:bone_block":3,"minecraft:shield":373,"minecraft:iron_sword":131,"goblins_tyranny:goblin_sword":61,"minecraft:player_head":1,"paraglider:goddess_statue":1,"terramity:ruby_block":1,"minecraft:tuff":9,"tombstone:decorative_grave_simple":1,"minecraft:mangrove_log":2,"minecraft:iron_helmet":1,"born_in_chaos_v1:gnawed_bones":1,"illusion_onslaught:alchemy_table":1,"minecraft:brown_carpet":1,"minecraft:hay_block":5,"minecraft:written_book":2,"minecraft:mangrove_roots":3,"minecraft:gray_bed":1,"minecraft:gold_block":1,"epicfight:skillbook":8,"minecraft:stone_pickaxe":131,"minecraft:mangrove_planks":4,"minecraft:oak_planks":4,"minecraft:mushroom_stew":7,"minecraft:dripstone_block":9,"minecraft:stone_brick_wall":1,"minecraft:shears":8,"illusion_onslaught:cracked_cultstone_bricks":2,"waystones:waystone":2,"minecraft:cyan_bed":1,"minecraft:bread":339,"tombstone:grave_key":3,"minecraft:gravel":5,"minecraft:andesite":19,"minecraft:chain":1,"minecraft:coarse_dirt":2,"minecraft:experience_bottle":61,"minecraft:cobweb":1,"call_of_yucutan:flint_spear":144,"minecraft:stone_shovel":244,"minecraft:stone_hoe":21,"minecraft:dirt":116,"minecraft:granite":10,"minecraft:dark_oak_planks":6,"minecraft:iron_boots":1,"minecraft:yellow_concrete_powder":2,"minecraft:golden_carrot":1,"minecraft:emerald_block":1,"goblins_tyranny:engineer_workbench":1,"minecraft:cooked_beef":11,"minecraft:cooked_mutton":30,"minecraft:cobblestone_stairs":1,"minecraft:snow_block":16,"farmersdelight:onion":2,"bosses_of_mass_destruction:soul_star":1,"tombstone:bag_of_seeds":1,"minecraft:stone_slab":1,"iceandfire:ash":1,"minecraft:stone_axe":66,"alexsmobs:animal_dictionary":2,"minecraft:smooth_stone":2},"minecraft:dropped":{"minecraft:glass_bottle":2,"minecraft:diamond":2,"terramity:daemonium":8,"minecraft:cracked_stone_bricks":2,"born_in_chaos_v1:pieceofdarkmetal":4,"epicfight:stray_hat":1,"minecraft:emerald":67,"born_in_chaos_v1:monster_flesh":1,"tombstone:scroll_of_true_sight":1,"irons_spellbooks:epic_ink":2,"irons_spellbooks:arcane_essence":13,"minecraft:bone":4,"minecraft:cooked_chicken":24,"minecraft:wheat":51,"minecraft:rotten_flesh":19,"illusion_onslaught:arcane_powder":6,"terramity:sapphire":5,"tombstone:scroll_of_reach":1,"born_in_chaos_v1:intoxicating_decoction":2,"minecraft:wheat_seeds":7,"minecraft:iron_helmet":1,"minecraft:cobblestone":4,"minecraft:book":1,"minecraft:coal":6,"minecraft:mushroom_stew":5,"terramity:ruby":7,"minecraft:potion":1,"terramity:spikes":1,"minecraft:paper":1,"minecraft:spruce_sapling":2,"terramity:onyx":5,"minecraft:bowl":6,"terramity:daemonium_chunk":48,"irons_spellbooks:uncommon_ink":12,"minecraft:experience_bottle":6,"minecraft:chicken":2,"minecraft:white_carpet":9,"minecraft:clay_ball":3,"minecraft:cobbled_deepslate_slab":1,"terramity:iridescent_shard":7,"goblins_tyranny:cow_hide":2,"terramity:accursed_soul":12,"minecraft:rabbit_stew":7,"minecraft:sandstone":18,"epicfight:skillbook":3,"terramity:topaz":3,"minecraft:leather":1,"minecraft:honeycomb":2,"minecraft:raw_gold_block":14,"paraglider:spirit_orb":13,"minecraft:netherite_scrap":4,"born_in_chaos_v1:monster_skin":1,"minecraft:snowball":14,"farmersdelight:onion":7,"minecraft:amethyst_shard":19,"irons_spellbooks:shriving_stone":1,"born_in_chaos_v1:ethereal_spirit":7,"minecraft:stone_stairs":1,"born_in_chaos_v1:dark_upgrade":1,"minecraft:chainmail_chestplate":1,"born_in_chaos_v1:seedof_chaos":1,"minecraft:gunpowder":3,"terramity:accursed_lamp":1,"born_in_chaos_v1:corpse_maggot":1,"minecraft:arrow":93,"minecraft:written_book":1,"minecraft:stone_hoe":1,"minecraft:bread":12,"irons_spellbooks:legendary_ink":1,"minecraft:copper_ingot":2,"minecraft:stick":2,"irons_spellbooks:scroll":41,"tombstone:magic_scroll":1,"minecraft:torch":1,"minecraft:iron_leggings":1,"minecraft:wither_rose":1,"irons_spellbooks:common_ink":10,"irons_spellbooks:permafrost_shard":1,"irons_spellbooks:frozen_bone":2,"terramity:fairy_dust":17,"terramity:battery":3,"minecraft:nether_wart":2,"terramity:topaz_block":4,"illusion_onslaught:spirit_dust":2,"tombstone:scroll_of_unstable_intangibility":1,"terramity:iridium_chunk":10,"terramity:dimlite_nugget":30,"terramity:lost_soul":98},"minecraft:custom":{"minecraft:interact_with_crafting_table":81,"minecraft:open_barrel":490,"minecraft:eat_cake_slice":1,"minecraft:leave_game":14,"minecraft:time_since_death":129701,"minecraft:damage_blocked_by_shield":8820,"minecraft:play_time":1169768,"minecraft:deaths":31,"minecraft:jump":11695,"minecraft:interact_with_furnace":42,"minecraft:sleep_in_bed":2,"minecraft:waystone_activated":3,"tombstone:sneak_grave":1,"minecraft:damage_dealt":45346,"tombstone:undead_killed":110,"minecraft:interact_with_smoker":7,"minecraft:sneak_time":29994,"minecraft:interact_with_lectern":2,"minecraft:interact_with_blast_furnace":1,"minecraft:total_world_time":1169768,"tombstone:raider_killed":10,"minecraft:time_since_rest":129421,"minecraft:swim_one_cm":207059,"minecraft:fly_one_cm":4788743,"minecraft:open_chest":609,"minecraft:fall_one_cm":1205314,"minecraft:sprint_one_cm":3582135,"minecraft:drop":204,"minecraft:interact_with_brewingstand":4,"minecraft:walk_on_water_one_cm":167843,"minecraft:interact_with_loom":11,"minecraft:crouch_one_cm":200609,"minecraft:mob_kills":301,"minecraft:damage_dealt_resisted":2629,"minecraft:climb_one_cm":50894,"minecraft:walk_one_cm":2591559,"minecraft:walk_under_water_one_cm":242035,"minecraft:damage_taken":32468,"minecraft:damage_absorbed":264,"minecraft:trigger_trapped_chest":2},"minecraft:broken":{"minecraft:diamond_helmet":1,"minecraft:iron_boots":2,"minecraft:iron_chestplate":1,"minecraft:iron_leggings":2,"iceandfire:cyclops_eye":1,"terramity:sapphire_armor_helmet":1,"minecraft:stone_pickaxe":1,"minecraft:stone_shovel":1,"legendary_monsters:atmospheric_boots":1,"epicfight:stray_hat":1},"minecraft:killed":{"born_in_chaos_v1:zombie_lumberjack":2,"born_in_chaos_v1:restless_spirit":2,"born_in_chaos_v1:door_knight_not_despawn":1,"born_in_chaos_v1:pumpkin_spirit":1,"legendary_monsters:cloud_golem":1,"irons_spellbooks:cryomancer":1,"irons_spellbooks:summoned_polar_bear":1,"born_in_chaos_v1:siamese_skeletonsright":1,"born_in_chaos_v1:baby_skeleton_minion":7,"minecraft:skeleton":21,"illusion_onslaught:cultoliger":2,"goblins_tyranny:knight_goblin":2,"born_in_chaos_v1:skeleton_thrasher":1,"irons_spellbooks:archevoker":1,"goblins_tyranny:glitteron":1,"goblins_tyranny:grobot":1,"minecraft:iron_golem":1,"goblins_tyranny:mini_goblin_2":3,"goblins_tyranny:goblin_huntsman":1,"minecraft:pillager":7,"minecraft:zombie":28,"born_in_chaos_v1:corpse_fly":1,"goblins_tyranny:mini_goblin_3":2,"goblins_tyranny:engineer_goblin":1,"born_in_chaos_v1:door_knight":2,"minecraft:cow":3,"goblins_tyranny:leader_goblin":1,"minecraft:vindicator":1,"legendary_monsters:frostbitten_golem":1,"goblins_tyranny:mini_goblin_1":2,"terramity:cave_gnome":3,"goblins_tyranny:goblin_hunter":1,"born_in_chaos_v1:barrel_zombie":1,"born_in_chaos_v1:spiritof_chaos":2,"minecraft:husk":8,"iceandfire:cyclops":1,"terramity:elite_skeleton":11,"minecraft:ravager":1,"born_in_chaos_v1:decrepit_skeleton":5,"terramity:green_fairy":3,"iceandfire:ghost":2,"born_in_chaos_v1:dark_vortex":1,"minecraft:enderman":2,"born_in_chaos_v1:zombie_clown":1,"minecraft:witch":1,"minecraft:spider":7,"terramity:dungeon_sentry":19,"born_in_chaos_v1:scarlet_persecutor":3,"goblins_tyranny:blacksmith_goblin":1,"artifacts:mimic":1,"born_in_chaos_v1:bonescaller":2,"minecraft:zombie_villager":1,"minecraft:creeper":6,"minecraft:sheep":7,"terramity:simple_turret":12,"born_in_chaos_v1:dread_hound":1,"minecraft:stray":8,"born_in_chaos_v1:siamese_skeletonsleft":1,"terramity:pink_fairy":1,"irons_spellbooks:summoned_zombie":1,"goblins_tyranny:shaman_goblin":1,"born_in_chaos_v1:zombie_bruiser":2,"born_in_chaos_v1:maggot":13,"alexsmobs:bison":1,"born_in_chaos_v1:corpse_fish":2,"terramity:blue_fairy":2,"born_in_chaos_v1:fallen_chaos_knight":1,"born_in_chaos_v1:baby_skeleton":3,"born_in_chaos_v1:phantom_creeper_copy":2,"goblins_tyranny:engineeress_goblin":1,"born_in_chaos_v1:nightmare_stalker":2,"terramity:dungeon_effigy":22},"minecraft:crafted":{"epicpaladins:arclight_sword":1,"minecraft:chain":3,"minecraft:cracked_stone_bricks":4,"minecraft:cooked_mutton":44,"explorerscompass:explorerscompass":1,"minecraft:cooked_rabbit":22,"minecraft:emerald":2,"minecraft:compass":1,"minecraft:iron_pickaxe":2,"terramity:sapphire_armor_chestplate":1,"minecraft:gold_ingot":36,"illusion_onslaught:spiritual_chestplate":2,"farmersdelight:onion":1,"minecraft:stone_shovel":2,"minecraft:iron_nugget":9,"call_of_yucutan:flint_spear":1,"minecraft:stone_pickaxe":1,"minecraft:dark_oak_planks":10,"legendary_monsters:atmospheric_boots":1,"minecraft:wheat":100,"minecraft:bone":1,"illusion_onslaught:arcane_powder":5,"minecraft:iron_leggings":1,"terramity:sapphire_armor_leggings":1,"minecraft:oak_planks":13,"irons_spellbooks:iron_spell_book":1,"minecraft:cooked_chicken":24,"legendary_monsters:axe_of_lightning":1,"epicpaladins:arclight_pickaxe":1,"minecraft:stone":11,"terramity:sapphire_armor_boots":1,"minecraft:iron_boots":3,"tombstone:grave_key":11,"minecraft:chest":5,"minecraft:stone_hoe":1,"minecraft:stone_bricks":1,"illusion_onslaught:alchemy_table":1,"minecraft:crafting_table":12,"minecraft:spruce_planks":19,"illusion_onslaught:spiritual_helmet":1,"minecraft:wooden_pickaxe":1,"legendary_monsters:wand_of_clouds":1,"minecraft:iron_chestplate":1,"minecraft:shield":1,"minecraft:stick":38,"minecraft:iron_ingot":99,"minecraft:snow_block":31,"minecraft:shears":1,"terramity:sapphire_armor_helmet":1,"minecraft:raw_iron":5,"minecraft:furnace":2,"legendary_monsters:the_great_frost":1,"minecraft:iron_sword":1,"minecraft:mangrove_planks":2,"minecraft:stone_axe":1,"minecraft:amethyst_block":1,"minecraft:bread":326,"minecraft:air":2157,"terramity:lightning_sceptre":1,"minecraft:raw_gold":64,"minecraft:torch":14},"minecraft:picked_up":{"minecraft:stone_slab":1,"terramity:fairy_dust":25,"minecraft:wither_rose":1,"minecraft:enchanted_book":1,"paraglider:goddess_statue":1,"minecraft:string":7,"minecraft:cobbled_deepslate":72,"minecraft:gold_nugget":6,"bosses_of_mass_destruction:soul_star":1,"minecraft:spruce_planks":2,"illusion_onslaught:arcane_powder":9,"minecraft:written_book":1,"minecraft:mangrove_log":4,"born_in_chaos_v1:shattered_skull":3,"irons_spellbooks:shriving_stone":1,"minecraft:green_bed":1,"born_in_chaos_v1:black_argillite_brick_stairs":2,"tombstone:tablet_of_cupidity":1,"minecraft:brown_carpet":1,"goblins_tyranny:goblin_sword":1,"terramity:elite_rifle":1,"minecraft:carved_pumpkin":1,"tombstone:scroll_of_aquatic_life":2,"minecraft:blaze_rod":2,"minecraft:iron_bars":7,"minecraft:snowball":182,"minecraft:cooked_beef":3,"minecraft:oxidized_copper":1,"born_in_chaos_v1:spiritual_dust":3,"minecraft:smoker":1,"alexsmobs:bison_fur":2,"minecraft:flint":5,"terramity:topaz":3,"tombstone:familiar_receptacle":1,"illusion_onslaught:ominous_cloth":9,"illusion_onslaught:antique_manuscript":1,"minecraft:moss_block":2,"minecraft:honeycomb":2,"irons_spellbooks:legendary_ink":2,"illusion_onslaught:antique_chronicle":4,"minecraft:dark_oak_log":1,"minecraft:barrel":9,"irons_spellbooks:ice_rune":1,"minecraft:bundle":6,"minecraft:granite":16,"minecraft:bread":12,"minecraft:light_gray_carpet":3,"terramity:iridium_chunk":10,"minecraft:coarse_dirt":4,"minecraft:crafting_table":4,"minecraft:nether_wart":2,"minecraft:clay_ball":3,"born_in_chaos_v1:seedof_chaos":5,"tombstone:scroll_of_preservation":1,"minecraft:cornflower":1,"minecraft:red_bed":1,"minecraft:white_carpet":9,"epicfight:stray_hat":2,"minecraft:netherite_scrap":4,"born_in_chaos_v1:intoxicating_decoction":2,"terramity:electronic_scrap":12,"minecraft:cracked_stone_bricks":12,"terramity:spire_key":3,"terramity:daemonium_chunk":83,"minecraft:beef":11,"born_in_chaos_v1:gnawed_bones":3,"minecraft:poppy":1,"minecraft:iron_nugget":6,"minecraft:chest":4,"minecraft:sandstone":36,"minecraft:raw_gold_block":100,"terramity:battery":3,"minecraft:spruce_fence":1,"illusion_onslaught:spirit_dust":7,"born_in_chaos_v1:pieceofdarkmetal":13,"minecraft:carrot":1,"minecraft:prismarine_crystals":3,"minecraft:tnt":3,"irons_spellbooks:evocation_rune":1,"minecraft:hay_block":104,"minecraft:gold_ingot":1,"terramity:onyx_block":1,"goblins_tyranny:cow_hide":2,"minecraft:mutton":19,"minecraft:bone_block":142,"minecraft:white_wool":13,"illusion_onslaught:cracked_cultstone_bricks":2,"born_in_chaos_v1:monster_flesh":1,"minecraft:oak_log":14,"minecraft:paper":7,"tombstone:gift":1,"terramity:igneostone":2,"minecraft:apple":1,"minecraft:stone_bricks":5,"minecraft:kelp":2,"illusion_onslaught:occultive_skull":1,"terramity:spikes":2,"minecraft:cobweb":15,"tombstone:bag_of_seeds":2,"minecraft:gray_bed":2,"minecraft:iron_sword":1,"born_in_chaos_v1:ethereal_spirit":18,"minecraft:gravel":38,"minecraft:spruce_sapling":4,"minecraft:spruce_log":9,"tombstone:scroll_of_true_sight":2,"goblins_tyranny:coin":37,"goblins_tyranny:engineer_workbench":1,"illusion_onslaught:cultstone":55,"terramity:stone_tiles":2,"minecraft:stripped_dark_oak_log":1,"terramity:gold_round":149,"minecraft:ender_pearl":2,"irons_spellbooks:scroll":45,"goblins_tyranny:mossy_hut_logs":1,"minecraft:black_carpet":1,"minecraft:wheat":82,"minecraft:potion":1,"minecraft:stone_brick_stairs":1,"minecraft:lapis_block":3,"minecraft:raw_copper":9,"born_in_chaos_v1:dark_upgrade":1,"minecraft:iron_leggings":1,"epicpaladins:bloodstone_gem":2,"minecraft:experience_bottle":6,"goblins_tyranny:engineer_scrap":6,"irons_spellbooks:arcane_essence":38,"illusion_onslaught:mana_potion":4,"minecraft:smooth_stone":3,"minecraft:redstone_torch":1,"goblins_tyranny:fire_bomb":2,"born_in_chaos_v1:stimulating_decoction":1,"terramity:sapphire":15,"irons_spellbooks:inscription_table":1,"minecraft:furnace":1,"minecraft:tipped_arrow":4,"minecraft:stick":1,"terramity:ruby":7,"epicpaladins:arclight_gem":11,"minecraft:oak_fence":1,"born_in_chaos_v1:phantom_powder":3,"minecraft:torch":6,"epicfight:skillbook":4,"minecraft:pointed_dripstone":10,"tombstone:grave_dust":9,"minecraft:diorite":1,"born_in_chaos_v1:nightmare_claw":2,"minecraft:yellow_concrete_powder":2,"epicpaladins:cryorium_gem":4,"minecraft:rotten_flesh":80,"goblins_tyranny:shaman_skull":1,"terramity:topaz_block":8,"minecraft:mangrove_roots":3,"terramity:spiteful_soul":1,"terramity:lost_soul":224,"irons_spellbooks:arcane_debris":1,"minecraft:cobblestone":322,"illusion_onslaught:cultstone_bricks":3,"terramity:daemonium":8,"minecraft:andesite":19,"terramity:accursed_lamp":2,"paraglider:spirit_orb":61,"minecraft:tuff":14,"minecraft:lapis_lazuli":41,"minecraft:dirt":118,"born_in_chaos_v1:monster_skin":7,"minecraft:bone":102,"minecraft:wheat_seeds":65,"minecraft:bell":2,"minecraft:raw_gold":5,"minecraft:cobbled_deepslate_slab":1,"illusion_onslaught:patterned_cultstone":3,"tombstone:scroll_of_reach":2,"irons_spellbooks:frozen_bone":35,"illusion_onslaught:huge_mana_potion":2,"minecraft:sand":21,"minecraft:cyan_bed":2,"minecraft:diamond_block":3,"minecraft:mossy_cobblestone":10,"tombstone:scroll_of_mercy":1,"minecraft:yellow_carpet":5,"minecraft:diamond":11,"irons_spellbooks:divine_pearl":1,"minecraft:soul_lantern":3,"waystones:waystone":2,"tombstone:tablet_of_recall":1,"minecraft:crossbow":2,"minecraft:emerald":69,"minecraft:oak_sapling":1,"irons_spellbooks:uncommon_ink":13,"minecraft:charcoal":1,"minecraft:azure_bluet":1,"minecraft:chicken":4,"minecraft:ladder":2,"minecraft:rabbit_stew":7,"minecraft:stone_brick_wall":1,"minecraft:gold_block":35,"minecraft:chain":1,"terramity:ruby_block":4,"minecraft:stone_stairs":2,"terramity:accursed_soul":92,"tombstone:scroll_of_unstable_intangibility":2,"illusion_onslaught:water_scroll":2,"minecraft:player_head":1,"irons_spellbooks:epic_ink":2,"illusion_onslaught:spiritual_scroll":12,"minecraft:phantom_membrane":1,"illusion_onslaught:arcaned_calcite":2,"minecraft:raw_iron":37,"iceandfire:dragonbone":6,"minecraft:copper_ingot":2,"minecraft:bowl":5,"terramity:dimlite_nugget":51,"tombstone:scroll_of_purification":1,"minecraft:dark_oak_planks":2,"goblins_tyranny:goblins_meat":3,"iceandfire:cyclops_eye":1,"minecraft:arrow":133,"alexscaves:spelunkery_table":1,"minecraft:saddle":1,"born_in_chaos_v1:fused_bone":2,"born_in_chaos_v1:corpse_maggot":8,"minecraft:leather":14,"terramity:amethyst_block":5,"minecraft:birch_planks":2,"minecraft:mushroom_stew":5,"legendary_monsters:primal_ice_shard":2,"artifacts:superstitious_hat":1,"minecraft:gunpowder":7,"minecraft:cobblestone_stairs":3,"tombstone:voodoo_poppet":1,"legendary_monsters:frozen_rune":1,"irons_spellbooks:common_ink":11,"minecraft:iron_ingot":41,"minecraft:cooked_chicken":24,"terramity:onyx":5,"minecraft:book":1,"minecraft:emerald_block":7,"iceandfire:ash":1,"minecraft:dripstone_block":18,"terramity:sapphire_block":3,"illusion_onslaught:cultstone_wall":5,"born_in_chaos_v1:dark_rod":2,"minecraft:amethyst_shard":19,"irons_spellbooks:permafrost_shard":1,"minecraft:soul_torch":1,"minecraft:blast_furnace":1,"minecraft:white_bed":1,"terramity:iridescent_shard":28,"minecraft:spider_eye":3,"legendary_monsters:air_rune":1,"minecraft:iron_helmet":1,"terramity:gnome_statue":3,"illusion_onslaught:cultstone_brick_stairs":2,"tombstone:magic_scroll":4,"illusion_onslaught:arcane_apple":1,"minecraft:coal":122}},"DataVersion":3465}